sanitaire,2
actualite,3
ressortissant,2
cours,1
rythme,1
attention,1
reflexion,1
contenu,6
modeste,1
absurde,1
contribuer,6
developpe,2
evoluer,2
guerre,1
maternite,2
budget,2
tache,2
handicaper,4
accompagnement,1
seminaire,8
excellence,4
universite,4
thematique,4
appartement,2
famille,19
exemple,14
aventure,1
post-doctorale,2
accord,6
equiper,2
Source,23
histoire,5
rapport,15
deconsiderer,2
methodologique,4
Robot,1
Mediatrice,1
possible,14
cahier,1
prof,3
eclairage,2
omission,1
heure,3
administration,2
faible,10
code,15
être,2
apporter,3
contact,7
acquisition,2
integrer,1
web,1
achat,2
reviser,1
reforme,1
garantir,3
videos,3
departement,6
serie,4
moral,1
legitimement,2
type,5
fecondite,2
considerer,2
protocole,4
proportion,8
interne,2
methode,24
alternance,1
observatoire,4
mobilite,2
facile,2
calendrier,4
force,5
personnel,11
ensemble,19
renseigner,6
concilier,4
engagement,2
interruption,4
Promo,10
naissance,2
raison,17
podcast,3
composer,6
message,4
reveler,2
handisport,1
ambitieux,2
menu,3
fonctionnaire,2
renoncement,3
avancer,2
peut-être,1
retrait,3
dormir,2
communication,14
sexe,38
amenagement,8
soutien,4